FileName,AbEpiScore-1.0,AbEpiTarget-1.0
fold_8c7_seed9_model_0.cif,0.141262,0.401426
fold_8c7_seed7_model_4.cif,0.020821,0.324144
fold_8c7_seed4_model_2.cif,0.041553,0.326313
fold_8c7_seed8_model_4.cif,0.031365,0.365289
fold_8c7_seed6_model_0.cif,0.073934,0.366587
fold_8c7_seed1_model_1.cif,0.021579,0.338526
fold_8c7_seed9_model_4.cif,0.04811,0.316159
fold_8c7_seed3_model_0.cif,0.099587,0.392099
fold_8c7_seed5_model_3.cif,0.021259,0.324522
fold_8c7_seed10_model_0.cif,0.109406,0.401606
fold_8c7_seed4_model_0.cif,0.023363,0.328811
fold_8c7_seed3_model_2.cif,0.02117,0.346023
fold_8c7_seed3_model_1.cif,0.021421,0.322895
fold_8c7_seed6_model_4.cif,0.029529,0.330293
fold_8c7_seed9_model_1.cif,0.088666,0.38898
fold_8c7_seed8_model_0.cif,0.030697,0.270628
fold_8c7_seed5_model_1.cif,0.020892,0.281355
fold_8c7_seed8_model_2.cif,0.026891,0.268218
fold_8c7_seed5_model_0.cif,0.029694,0.351441
fold_8c7_seed2_model_4.cif,0.020262,0.327576
fold_8c7_seed3_model_3.cif,0.01899,0.307722
fold_8c7_seed1_model_0.cif,0.048455,0.340119
fold_8c7_seed2_model_2.cif,0.021908,0.383229
fold_8c7_seed8_model_1.cif,0.023554,0.287346
fold_8c7_seed1_model_2.cif,0.021878,0.259281
fold_8c7_seed7_model_0.cif,0.022448,0.362179
fold_8c7_seed5_model_2.cif,0.041802,0.308474
fold_8c7_seed2_model_0.cif,0.079963,0.385871
fold_8c7_seed10_model_2.cif,0.085181,0.435497
fold_8c7_seed4_model_4.cif,0.032562,0.292765
fold_8c7_seed7_model_2.cif,0.104825,0.479417
fold_8c7_seed6_model_2.cif,0.1162,0.378239
fold_8c7_seed8_model_3.cif,0.029681,0.289115
fold_8c7_seed10_model_4.cif,0.020321,0.333326
fold_8c7_seed2_model_3.cif,0.019595,0.357908
fold_8c7_seed10_model_1.cif,0.025286,0.312049
fold_8c7_seed4_model_1.cif,0.027974,0.267783
fold_8c7_seed10_model_3.cif,0.031787,0.312514
fold_8c7_seed6_model_1.cif,0.03083,0.317196
fold_8c7_seed2_model_1.cif,0.021587,0.312852
fold_8c7_seed7_model_3.cif,0.037647,0.460135
fold_8c7_seed7_model_1.cif,0.020231,0.327131
fold_8c7_seed1_model_4.cif,0.019103,0.26859
fold_8c7_seed3_model_4.cif,0.038952,0.385261
fold_8c7_seed6_model_3.cif,0.034004,0.292936
fold_8c7_seed9_model_3.cif,0.098161,0.419684
fold_8c7_seed4_model_3.cif,0.020429,0.280815
fold_8c7_seed5_model_4.cif,0.028637,0.334314
fold_8c7_seed9_model_2.cif,0.06558,0.402464
fold_8c7_seed1_model_3.cif,0.026267,0.272043