FileName,AbEpiScore-1.0,AbEpiTarget-1.0
fold_8c7_seed19_model_2.cif,0.022736,0.33225
fold_8c7_seed11_model_0.cif,0.020091,0.254887
fold_8c7_seed14_model_3.cif,0.017313,0.280564
fold_8c7_seed17_model_4.cif,0.028469,0.323652
fold_8c7_seed20_model_0.cif,0.029758,0.380225
fold_8c7_seed11_model_3.cif,0.021699,0.339921
fold_8c7_seed16_model_2.cif,0.020899,0.303004
fold_8c7_seed19_model_3.cif,0.021015,0.30274
fold_8c7_seed17_model_3.cif,0.019537,0.283979
fold_8c7_seed12_model_4.cif,0.037301,0.384047
fold_8c7_seed18_model_0.cif,0.016773,0.247623
fold_8c7_seed11_model_1.cif,0.046921,0.334428
fold_8c7_seed14_model_1.cif,0.021698,0.349214
fold_8c7_seed16_model_3.cif,0.02018,0.269667
fold_8c7_seed18_model_4.cif,0.029821,0.326981
fold_8c7_seed17_model_2.cif,0.023781,0.343422
fold_8c7_seed17_model_0.cif,0.020499,0.287207
fold_8c7_seed12_model_2.cif,0.024086,0.331629
fold_8c7_seed15_model_3.cif,0.02101,0.318221
fold_8c7_seed15_model_0.cif,0.024792,0.31515
fold_8c7_seed19_model_0.cif,0.0404,0.373541
fold_8c7_seed16_model_0.cif,0.023889,0.284913
fold_8c7_seed16_model_4.cif,0.024384,0.313543
fold_8c7_seed12_model_0.cif,0.053452,0.438189
fold_8c7_seed20_model_3.cif,0.034223,0.355591
fold_8c7_seed15_model_2.cif,0.018991,0.335109
fold_8c7_seed18_model_2.cif,0.058443,0.348304
fold_8c7_seed13_model_3.cif,0.026162,0.347977
fold_8c7_seed15_model_4.cif,0.022068,0.330967
fold_8c7_seed20_model_2.cif,0.038589,0.418621
fold_8c7_seed12_model_3.cif,0.027993,0.402032
fold_8c7_seed14_model_0.cif,0.02308,0.303916
fold_8c7_seed14_model_4.cif,0.021381,0.284004
fold_8c7_seed19_model_4.cif,0.0243,0.316824
fold_8c7_seed15_model_1.cif,0.033023,0.391656
fold_8c7_seed11_model_2.cif,0.018821,0.330112
fold_8c7_seed17_model_1.cif,0.022357,0.28563
fold_8c7_seed13_model_4.cif,0.024011,0.333722
fold_8c7_seed13_model_0.cif,0.020306,0.26193
fold_8c7_seed13_model_2.cif,0.024596,0.318646
fold_8c7_seed14_model_2.cif,0.018432,0.309847
fold_8c7_seed20_model_1.cif,0.026537,0.367949
fold_8c7_seed16_model_1.cif,0.022018,0.318908
fold_8c7_seed20_model_4.cif,0.029788,0.391544
fold_8c7_seed12_model_1.cif,0.026916,0.42357
fold_8c7_seed18_model_3.cif,0.02785,0.312738
fold_8c7_seed11_model_4.cif,0.020607,0.332391
fold_8c7_seed19_model_1.cif,0.021331,0.320761
fold_8c7_seed18_model_1.cif,0.020807,0.294433
fold_8c7_seed13_model_1.cif,0.02815,0.306009